WinCC变量名,WinCC数据类型,新地址(S7 Protocol Suite),博图符号,备注
DB_HMI按键_启动,二进制变量,"DB1,DBX48.0","""DB"".HMI按键.启动",
DB_HMI按键_停止,二进制变量,"DB1,DBX48.1","""DB"".HMI按键.停止",
DB_HMI按键_复位,二进制变量,"DB1,DBX48.2","""DB"".HMI按键.复位",
DB_HMI按键_仿真瓶子质量过低,二进制变量,"DB1,DBX48.3","""DB"".HMI按键.仿真瓶子质量过低",
DB_HMI按键_仿真瓶子质量超重,二进制变量,"DB1,DBX48.4","""DB"".HMI按键.仿真瓶子质量超重",
DB_仿真数据_仿真开关,二进制变量,"DB1,DBX14.0","""DB"".仿真数据.仿真开关",
DB_仿真数据_传送带,有符号 16 位数,"DB1,DBW16","""DB"".仿真数据.传送带",
DB_仿真数据_罐子_X,有符号 16 位数,"DB1,DBW18","""DB"".仿真数据.罐子.X",
DB_仿真数据_罐子_Y,有符号 16 位数,"DB1,DBW20","""DB"".仿真数据.罐子.Y",
DB_仿真数据_吹气_气缸,有符号 16 位数,"DB1,DBW22","""DB"".仿真数据.吹气.气缸",
DB_仿真数据_灌装_气缸,有符号 16 位数,"DB1,DBW24","""DB"".仿真数据.灌装.气缸",
DB_仿真数据_灌装_液位,有符号 16 位数,"DB1,DBW26","""DB"".仿真数据.灌装.液位",
DB_仿真数据_拧盖_盖子显示,二进制变量,"DB1,DBX28.0","""DB"".仿真数据.拧盖.盖子显示",
DB_仿真数据_拧盖_气缸,有符号 16 位数,"DB1,DBW30","""DB"".仿真数据.拧盖.气缸",
DB_仿真数据_拧盖_拧盖进度,有符号 16 位数,"DB1,DBW32","""DB"".仿真数据.拧盖.拧盖进度",
DB_仿真数据_标签投放_大标显示,二进制变量,"DB1,DBX34.0","""DB"".仿真数据.标签投放.大标显示",
DB_仿真数据_标签投放_小标显示,二进制变量,"DB1,DBX34.1","""DB"".仿真数据.标签投放.小标显示",
DB_仿真数据_标签投放_标签X,有符号 16 位数,"DB1,DBW36","""DB"".仿真数据.标签投放.标签X",
DB_仿真数据_标签投放_标签Y,有符号 16 位数,"DB1,DBW38","""DB"".仿真数据.标签投放.标签Y",
DB_仿真数据_标签投放_标签Y辅助,有符号 16 位数,"DB1,DBW40","""DB"".仿真数据.标签投放.标签Y辅助",
DB_仿真数据_热缩_热缩进度,有符号 16 位数,"DB1,DBW42","""DB"".仿真数据.热缩.热缩进度",
DB_仿真数据_清洗_清洗进度,有符号 16 位数,"DB1,DBW44","""DB"".仿真数据.清洗.清洗进度",
DB_仿真数据_消毒_消毒进度,有符号 16 位数,"DB1,DBW46","""DB"".仿真数据.消毒.消毒进度",
DB_设定数据_灌装液位,有符号 16 位数,"DB1,DBW58","""DB"".设定数据.灌装液位",
DB_设定数据_罐装1质量,,,（博图 DB 里不存在）,博图 设定数据 里只有 称重质量上限(DBD50)、称重质量下限(DBD54)、灌装液位；需确认这个变量对应哪个
DB_检测数据_液位实际值,浮点数 32 位 IEEE 754,"DB1,DBD76","""DB"".检测数据.液位实际值",
DB_检测数据_称重实际值,浮点数 32 位 IEEE 754,"DB1,DBD80","""DB"".检测数据.称重实际值",
DB_检测数据_液位仿真值,浮点数 32 位 IEEE 754,"DB1,DBD84","""DB"".检测数据.液位仿真值",
DB_检测数据_称重仿真值,浮点数 32 位 IEEE 754,"DB1,DBD88","""DB"".检测数据.称重仿真值",
DB_状态_完成吹气,二进制变量,"DB1,DBX92.0","""DB"".状态.完成吹气",
DB_状态_吹气气缸缩回,二进制变量,"DB1,DBX92.1","""DB"".状态.吹气气缸缩回",
DB_状态_完成灌装,二进制变量,"DB1,DBX92.2","""DB"".状态.完成灌装",
DB_状态_灌装气缸缩回,二进制变量,"DB1,DBX92.3","""DB"".状态.灌装气缸缩回",
DB_状态_完成拧盖,二进制变量,"DB1,DBX92.4","""DB"".状态.完成拧盖",
DB_状态_拧盖气缸缩回,二进制变量,"DB1,DBX92.5","""DB"".状态.拧盖气缸缩回",
DB_状态_标签投放完毕,二进制变量,"DB1,DBX92.6","""DB"".状态.标签投放完毕",
DB_状态_热缩完毕,二进制变量,"DB1,DBX92.7","""DB"".状态.热缩完毕",
DB_状态_清洗完毕,二进制变量,"DB1,DBX93.0","""DB"".状态.清洗完毕",
DB_状态_消毒完毕,二进制变量,"DB1,DBX93.1","""DB"".状态.消毒完毕",
DB_状态_流程,有符号 16 位数,"DB1,DBW94","""DB"".状态.流程",
启动,二进制变量,I0.0,"""启动""（PLC 变量表）",
停止,二进制变量,I0.1,"""停止""（PLC 变量表）",
到达称重吹气位置,二进制变量,I0.2,"""到达称重吹气位置""（PLC 变量表）",
到达灌装位置,二进制变量,I0.3,"""到达灌装位置""（PLC 变量表）",
到达拧盖位置,二进制变量,I0.4,"""到达拧盖位置""（PLC 变量表）",
到达包装热缩位置,二进制变量,I0.5,"""到达包装热缩位置""（PLC 变量表）",
到达清洗位置,二进制变量,I0.6,"""到达清洗位置""（PLC 变量表）",
到达消毒位置,二进制变量,I0.7,"""到达消毒位置""（PLC 变量表）",
到达标签投放位置,二进制变量,I1.0,"""到达标签投放位置""（PLC 变量表）",
吹气气缸上限位,二进制变量,I1.1,"""吹气气缸上限位""（PLC 变量表）",
吹气气缸下限位,二进制变量,I1.2,"""吹气气缸下限位""（PLC 变量表）",
灌装气缸上限位,二进制变量,I1.3,"""灌装气缸上限位""（PLC 变量表）",
灌装气缸下限位,二进制变量,I1.4,"""灌装气缸下限位""（PLC 变量表）",
拧盖气缸上限位,二进制变量,I1.5,"""拧盖气缸上限位""（PLC 变量表）",
拧盖气缸下限位,二进制变量,I2.0,"""拧盖气缸下限位""（PLC 变量表）",
复位,二进制变量,I2.1,"""复位""（PLC 变量表）",
运行指示灯,二进制变量,Q0.0,"""运行指示灯""（PLC 变量表）",
吹气阀门,二进制变量,Q0.1,"""吹气阀门""（PLC 变量表）",
灌装阀门,二进制变量,Q0.2,"""灌装阀门""（PLC 变量表）",
拧盖气缸,二进制变量,Q0.3,"""拧盖气缸""（PLC 变量表）",
拧盖电机,二进制变量,Q0.4,"""拧盖电机""（PLC 变量表）",
标签投放,二进制变量,Q0.5,"""标签投放""（PLC 变量表）",
包装热缩,二进制变量,Q0.6,"""包装热缩""（PLC 变量表）",
清洗机,二进制变量,Q0.7,"""清洗机""（PLC 变量表）",
消毒机,二进制变量,Q1.0,"""消毒机""（PLC 变量表）",
传送带,二进制变量,Q1.1,"""传送带""（PLC 变量表）",
吹气气缸,二进制变量,Q2.0,"""吹气气缸""（PLC 变量表）",
灌装气缸,二进制变量,Q2.1,"""灌装气缸""（PLC 变量表）",
瓶子异常示灯,二进制变量,Q2.2,"""瓶子异常示灯""（PLC 变量表）",
有杂物指示灯,二进制变量,Q2.3,"""有杂物指示灯""（PLC 变量表）",
液位检测,,,（博图 PLC 变量表里没找到）,需在博图 PLC 变量表里确认地址，可能已删除或改名
称重检测,,,（博图 PLC 变量表里没找到）,需在博图 PLC 变量表里确认地址，可能已删除或改名
